<?xml version="1.0" encoding="UTF-8"?>
<teamworks>
    <process id="1.6a5dd17a-7591-450f-8a2e-97dcae425b24" name="デプロイメント・サービス">
        <lastModified>1440250998203</lastModified>
        <lastModifiedBy>bpmadmin</lastModifiedBy>
        <processId>1.6a5dd17a-7591-450f-8a2e-97dcae425b24</processId>
        <image isNull="true" />
        <tabGroup isNull="true" />
        <startingProcessItemId>2025.a1ba2f2e-f0f8-420a-abd9-4ba57de2acc3</startingProcessItemId>
        <isRootProcess>false</isRootProcess>
        <processType>5</processType>
        <isErrorHandlerEnabled>false</isErrorHandlerEnabled>
        <errorHandlerItemId isNull="true" />
        <isLoggingVariables>false</isLoggingVariables>
        <isTransactional>false</isTransactional>
        <processTimingLevel isNull="true" />
        <participantRef isNull="true" />
        <exposedType isNull="true" />
        <isTrackingEnabled>true</isTrackingEnabled>
        <xmlData isNull="true" />
        <cachingType>false</cachingType>
        <itemLabel isNull="true" />
        <cacheLength isNull="true" />
        <mobileReady>false</mobileReady>
        <sboSyncEnabled>true</sboSyncEnabled>
        <externalId isNull="true" />
        <isSecured>false</isSecured>
        <isAjaxExposed>false</isAjaxExposed>
        <description isNull="true" />
        <guid>guid:869b44d5c9c2ceb6:68e6038e:14f4e3bf0e8:-767f</guid>
        <versionId>031c16d8-fca8-442c-ba2d-a4e4df47d0d2</versionId>
        <dependencySummary isNull="true" />
        <jsonData isNull="true" />
        <item>
            <lastModified isNull="true" />
            <lastModifiedBy isNull="true" />
            <processItemId>2025.a1ba2f2e-f0f8-420a-abd9-4ba57de2acc3</processItemId>
            <processId>1.6a5dd17a-7591-450f-8a2e-97dcae425b24</processId>
            <name>End</name>
            <tWComponentName>ExitPoint</tWComponentName>
            <tWComponentId>3008.2ee22795-9430-48df-8ce9-e7003a7915b9</tWComponentId>
            <isLogEnabled>false</isLogEnabled>
            <isTraceEnabled>false</isTraceEnabled>
            <traceCategory isNull="true" />
            <traceLevel isNull="true" />
            <traceMessage isNull="true" />
            <traceSymbolTable isNull="true" />
            <isExecutionContextTraced>false</isExecutionContextTraced>
            <saveExecutionContext>true</saveExecutionContext>
            <documentation isNull="true" />
            <isErrorHandlerEnabled>false</isErrorHandlerEnabled>
            <errorHandlerItemId isNull="true" />
            <guid>guid:869b44d5c9c2ceb6:68e6038e:14f4e3bf0e8:-767e</guid>
            <versionId>b128ef01-c160-4841-b1c2-33be9617156c</versionId>
            <externalServiceRef isNull="true" />
            <externalServiceOp isNull="true" />
            <nodeColor isNull="true" />
            <layoutData x="700" y="100">
                <errorLink>
                    <controlPoints />
                    <showEndState>false</showEndState>
                    <showName>false</showName>
                </errorLink>
            </layoutData>
            <TWComponent>
                <lastModified isNull="true" />
                <lastModifiedBy isNull="true" />
                <exitPointId>3008.2ee22795-9430-48df-8ce9-e7003a7915b9</exitPointId>
                <haltProcess>false</haltProcess>
                <guid>0c9c0961-22f7-4e31-aaaf-ae887f2103a6</guid>
                <versionId>203924c2-d311-4cf5-8e04-eec5394f35e8</versionId>
            </TWComponent>
        </item>
        <startingProcessItemId>2025.a1ba2f2e-f0f8-420a-abd9-4ba57de2acc3</startingProcessItemId>
        <errorHandlerItemId isNull="true" />
        <layoutData noConversion="true">
            <errorLink>
                <controlPoints />
                <showEndState>false</showEndState>
                <showName>false</showName>
            </errorLink>
        </layoutData>
        <startPoint>
            <layoutData x="20" y="100">
                <errorLink>
                    <controlPoints />
                    <showEndState>false</showEndState>
                    <showName>false</showName>
                </errorLink>
            </layoutData>
        </startPoint>
        <startLink>
            <fromPort locationId="rightCenter" portType="1" />
            <toPort locationId="leftCenter" portType="2" />
            <layoutData>
                <controlPoints />
                <showEndState>false</showEndState>
                <showName>false</showName>
            </layoutData>
        </startLink>
    </process>
</teamworks>

