<?xml version="1.0" encoding="UTF-8"?>
<teamworks>
    <managedAsset id="61.dcef7eb3-b108-4510-be6f-1a704f9763cd" name="round-eye-frame-icon-214x214.png">
        <lastModified>1440251979608</lastModified>
        <lastModifiedBy>bpmadmin</lastModifiedBy>
        <managedAssetId>61.dcef7eb3-b108-4510-be6f-1a704f9763cd</managedAssetId>
        <assetUuid>995cf649-9325-4eca-b907-3f1b6af4a8cc</assetUuid>
        <mimeType>image/png</mimeType>
        <charEncoding isNull="true" />
        <assetTypeCode>W</assetTypeCode>
        <length>402</length>
        <localLastModification>1440251672907</localLastModification>
        <description>&lt;HTML&gt;&lt;HEAD&gt;&#xD;
&lt;STYLE type=text/css&gt; p{margin:0px;}&lt;/STYLE&gt;&#xD;
&lt;/HEAD&gt;&#xD;
&lt;BODY style="FONT-SIZE: 10pt; FONT-FAMILY: arial" bgColor=#f5f5f5&gt;&amp;nbsp;&amp;nbsp;&amp;nbsp;&amp;nbsp;&lt;A href="http://ppt.design4u.jp/endless-icons/" target="_blank"&gt;http://ppt.design4u.jp/endless-icons/&lt;/A&gt;&lt;/BODY&gt;&lt;/HTML&gt;</description>
        <isDocumentationFile>false</isDocumentationFile>
        <guid>3c644b04-6f09-4ee9-80da-52562cb67c79</guid>
        <versionId>481bbca5-398a-4010-8c50-27a59abc250b</versionId>
    </managedAsset>
</teamworks>

