<?xml version="1.0" encoding="UTF-8"?>
<teamworks>
    <managedAsset id="61.edfc1e91-ee51-4eb3-a551-09cf2664a892" name="jquery-2.1.4.min.js">
        <lastModified>1440251067573</lastModified>
        <lastModifiedBy>bpmadmin</lastModifiedBy>
        <managedAssetId>61.edfc1e91-ee51-4eb3-a551-09cf2664a892</managedAssetId>
        <assetUuid>14a1bf8a-3724-47d9-8929-9a9497b69373</assetUuid>
        <mimeType>application/javascript</mimeType>
        <charEncoding isNull="true" />
        <assetTypeCode>W</assetTypeCode>
        <length>84345</length>
        <localLastModification>1440161155847</localLastModification>
        <description isNull="true" />
        <isDocumentationFile>false</isDocumentationFile>
        <guid>a77e7743-6ae6-4109-b523-83a47c7058bf</guid>
        <versionId>02f8a8fd-dc97-4159-827b-bd5e1df9b1c1</versionId>
    </managedAsset>
</teamworks>

