<?xml version="1.0" encoding="UTF-8"?>
<teamworks>
    <environmentVariableSet id="62.2062bb82-6ca9-482e-8e75-77d88cdb07d2" name="Environment Variables">
        <lastModified>1440250997641</lastModified>
        <lastModifiedBy>bpmadmin</lastModifiedBy>
        <envVarSetId>62.2062bb82-6ca9-482e-8e75-77d88cdb07d2</envVarSetId>
        <description isNull="true" />
        <guid>40f55317-5aae-421e-a018-7597b6740d97</guid>
        <versionId>739a5ccc-2872-47c4-b98b-9d5392035145</versionId>
    </environmentVariableSet>
</teamworks>

