<?xml version="1.0" encoding="UTF-8"?>
<teamworks>
    <projectDefaults id="63.12ffce12-d3c4-4457-8b19-cbb58298c135" name="Toolkit Settings">
        <lastModified>1440250998016</lastModified>
        <lastModifiedBy>bpmadmin</lastModifiedBy>
        <projectDefaultsId>63.12ffce12-d3c4-4457-8b19-cbb58298c135</projectDefaultsId>
        <description isNull="true" />
        <guid>1241d53e-3ac8-4cbb-9b47-bda0f5c9237b</guid>
        <versionId>62f459c6-250c-4418-8aeb-57042eb87d4b</versionId>
        <participantRef isNull="true" />
        <defaultXslRef>181a2bde-7ab1-4c6f-a118-aadf849c3134/61.140920b1-a53c-4d72-b6bb-60776f49f7f2</defaultXslRef>
        <defaultCssRef>181a2bde-7ab1-4c6f-a118-aadf849c3134/61.aabe9f91-df4b-43db-857c-41dbed4820a3</defaultCssRef>
        <defaultTheme isNull="true" />
        <themeVersion isNull="true" />
        <defaultJsRefs isNull="true" />
        <isWbmEnabled>false</isWbmEnabled>
        <namespace>http://CC</namespace>
        <isIidOptimized>true</isIidOptimized>
        <isQueueBypass>1</isQueueBypass>
    </projectDefaults>
</teamworks>

