<?xml version="1.0" encoding="UTF-8"?>
<teamworks>
    <coachView id="64.042d5e69-675e-48af-9342-bbe89598cb4f" name="CoachCounter">
        <lastModified>1507593477054</lastModified>
        <lastModifiedBy>admin</lastModifiedBy>
        <coachViewId>64.042d5e69-675e-48af-9342-bbe89598cb4f</coachViewId>
        <isTemplate>false</isTemplate>
        <layout isNull="true" />
        <paletteIcon>/61.dcef7eb3-b108-4510-be6f-1a704f9763cd</paletteIcon>
        <previewImage>/61.dcef7eb3-b108-4510-be6f-1a704f9763cd</previewImage>
        <hasLabel>true</hasLabel>
        <labelPosition>3</labelPosition>
        <nineSliceX1Coord>0</nineSliceX1Coord>
        <nineSliceX2Coord>33</nineSliceX2Coord>
        <nineSliceY1Coord>0</nineSliceY1Coord>
        <nineSliceY2Coord>33</nineSliceY2Coord>
        <emitBoundary>false</emitBoundary>
        <isPrototypeFunc>false</isPrototypeFunc>
        <enableDevMode>false</enableDevMode>
        <isMobileReady>false</isMobileReady>
        <loadJsFunction>/* Copyright 2017 daikan@jp.ibm.com | MIT License */&#xD;
var coachCounter = {}; // CoachView名をキー、CoachView数を値にした連想配列
var sum = 0; // CoachViewの総数
$(document).ready( function(){
    var html = $("html").html().split("\n");
    //array.forEach(printLine);
//    console.log("The number of html lines : " + html.length);
    
    var dataviewid = $('[data-viewid]'); // data-viewid属性を持つエレメントを取得する
    dataviewid.each(searchCoachView);  // data-viewid属性を持つエレメントからCoachViewを探す
    var sorted = sortByCVNumber(coachCounter); // CoachView数の順番にソートする
    var detail = "";
    for (var classname in sorted){
        detail = detail=="" ?  sorted[classname] + " : " + classname + "\r\n": 
        detail + sorted[classname] + " : " + classname  + "\r\n";
    }    
    console.log("The number of CV : " + sum + "\r\n" + detail);
});
//function printLine(val,index,array1){
//   console.debug(index + " : " + val);
//}
function searchCoachView(index, element) {
        ++sum;
          var datatype = $(element).attr('data-type');
          var i = coachCounter[datatype];
          coachCounter[datatype] = isNaN(i) ? 1 : ++i;
       //var classArray = $(element).attr('class').split(" "); // class属性からCoachView名を取得する
       //console.debug(classArray);
       //classArray.forEach(countCoachView); // CoachView名をキー、CoachView数を値にした連想配列をつくる
}

//function countCoachView(value,index,array1){
//    if(index==0){// class属性の先頭にCoachView名がある
//        ++sum;
//        var i = coachCounter[value];
//        coachCounter[value] = isNaN(i) ? 1 : ++i;
//    }
//}

function sortByCVNumber(m){
    var x=[],n={};
    for(key in m){ // 連想配列を二次元配列に（keyを0、valueを1)
        x.push([key,m[key]]); 
    }
    x.sort(function(m,n){ // 二次元配列をvalueでソート（降順）
        return n[1]-m[1];
    });
    for(i=0;i&lt;x.length;i++){ // 二次元配列を連想配列にb[key] = value
        n[x[i][0]]=x[i][1];
    }
    return n;
}
</loadJsFunction>
        <unloadJsFunction isNull="true" />
        <viewJsFunction isNull="true" />
        <changeJsFunction isNull="true" />
        <collaborationJsFunction isNull="true" />
        <description>&lt;HTML&gt;&lt;HEAD&gt;&#xD;
&lt;STYLE type=text/css&gt; p{margin:0px;}&lt;/STYLE&gt;&#xD;
&lt;/HEAD&gt;&#xD;
&lt;BODY style="FONT-SIZE: 10pt; FONT-FAMILY: arial" bgColor=#f5f5f5&gt;&#xD;
&lt;P&gt;DOMがready状態になったタイミングで &lt;/P&gt;&#xD;
&lt;P&gt;以下の情報をコンソールに出力する &lt;/P&gt;&#xD;
&lt;P&gt;&amp;nbsp;&amp;nbsp;&amp;nbsp;&amp;nbsp;HTMLタグ以下のソースコード行数 &lt;/P&gt;&#xD;
&lt;P&gt;&amp;nbsp;&amp;nbsp;&amp;nbsp;&amp;nbsp;画面で利用されいているCoachViewの数 &lt;/P&gt;&lt;BR&gt;&lt;BR&gt;&lt;/BODY&gt;&lt;/HTML&gt;</description>
        <validateJsFunction isNull="true" />
        <previewAdvHtml isNull="true" />
        <previewAdvJs isNull="true" />
        <useUrlBinding>false</useUrlBinding>
        <guid>1f627fc8-4d72-41a7-b74a-5aef5fbdce26</guid>
        <versionId>350529e2-8a9c-4acb-9784-010c28e2f0a4</versionId>
        <resource>
            <lastModified isNull="true" />
            <lastModifiedBy isNull="true" />
            <coachViewResourceId>67.20c0e99c-eaa7-4cff-9b5c-ff6fc0bc9581</coachViewResourceId>
            <coachViewId>64.042d5e69-675e-48af-9342-bbe89598cb4f</coachViewId>
            <filePath isNull="true" />
            <ieCondition isNull="true" />
            <mediaQuery isNull="true" />
            <scriptLoadStyle isNull="true" />
            <assetUuid>/61.edfc1e91-ee51-4eb3-a551-09cf2664a892</assetUuid>
            <seq>0</seq>
            <guid>5ad9069c-0e98-456b-aef9-df85070a5ba6</guid>
            <versionId>ddf03c07-16d3-432a-b03f-c1d527cd396a</versionId>
        </resource>
        <inlineScript name="Inline CSS">
            <lastModified isNull="true" />
            <lastModifiedBy isNull="true" />
            <coachViewInlineScriptId>68.08098c3e-e17b-490f-92a4-3fafac81af47</coachViewInlineScriptId>
            <coachViewId>64.042d5e69-675e-48af-9342-bbe89598cb4f</coachViewId>
            <scriptType>CSS</scriptType>
            <scriptBlock isNull="true" />
            <seq>0</seq>
            <description isNull="true" />
            <guid>4a02b9e2-03d4-417c-8272-8c469e970658</guid>
            <versionId>92760803-4075-400f-b31b-2c89363bad46</versionId>
        </inlineScript>
        <inlineScript name="Inline Javascript">
            <lastModified isNull="true" />
            <lastModifiedBy isNull="true" />
            <coachViewInlineScriptId>68.cfcffc43-3127-4189-a504-bc5eb559876e</coachViewInlineScriptId>
            <coachViewId>64.042d5e69-675e-48af-9342-bbe89598cb4f</coachViewId>
            <scriptType>JS</scriptType>
            <scriptBlock isNull="true" />
            <seq>1</seq>
            <description isNull="true" />
            <guid>2671b417-77c1-449f-a2ff-23bec40366e8</guid>
            <versionId>b0b13ee0-2175-4a1f-960c-2ce2d1957b15</versionId>
        </inlineScript>
        <inlineScript name="Header HTML">
            <lastModified isNull="true" />
            <lastModifiedBy isNull="true" />
            <coachViewInlineScriptId>68.225e7f0e-463d-4df0-a698-05f7964210be</coachViewInlineScriptId>
            <coachViewId>64.042d5e69-675e-48af-9342-bbe89598cb4f</coachViewId>
            <scriptType>HTML</scriptType>
            <scriptBlock isNull="true" />
            <seq>2</seq>
            <description isNull="true" />
            <guid>e3e4d20c-a2b4-4e2b-93cd-58b66e7428f0</guid>
            <versionId>5ad19b33-387c-4add-ba90-3a460948d0c3</versionId>
        </inlineScript>
    </coachView>
</teamworks>

